INSERT INTO "signed_user" (id,photo,username,name,date_of_birth,email,password,admin) VALUES (1,'aliquet,','Alan','Moses Schwartz','02-05-59','dolor.dapibus@auctornuncnulla.co.uk','Morbi','True');
INSERT INTO "signed_user" (id,photo,username,name,date_of_birth,email,password,admin) VALUES (2,'non,','Evan','Adrian Yates','02-01-31','eget.metus.In@quismassa.co.uk','Quisque','True');
INSERT INTO "signed_user" (id,photo,username,name,date_of_birth,email,password,admin) VALUES (3,'Pellentesque','Fulton','Hamish Woodard','02-06-90','amet.risus.Donec@molestiein.com','ipsum','True');
INSERT INTO "signed_user" (id,photo,username,name,date_of_birth,email,password,admin) VALUES (4,'rutrum.','David','Harding Duran','06-04-60','Suspendisse.sed.dolor@lobortis.edu','amet,','True');
INSERT INTO "signed_user" (id,photo,username,name,date_of_birth,email,password,admin) VALUES (5,'eu,','Barry','Blake Herrera','02-23-20','commodo.hendrerit.Donec@Pellentesquehabitantmorbi.ca','Nunc','False');
INSERT INTO "signed_user" (id,photo,username,name,date_of_birth,email,password,admin) VALUES (6,'turpis','Leonard','Salvador Giles','01-06-44','velit.Aliquam.nisl@elit.edu','ridiculus','False');
INSERT INTO "signed_user" (id,photo,username,name,date_of_birth,email,password,admin) VALUES (7,'eu','Felix','Paki Galloway','10-10-33','id.blandit.at@ettristiquepellentesque.ca','facilisis.','False');
INSERT INTO "signed_user" (id,photo,username,name,date_of_birth,email,password,admin) VALUES (8,'elit,','Robert','Bevis Blankenship','02-24-81','Quisque@nibh.ca','ridiculus','False');
INSERT INTO "signed_user" (id,photo,username,name,date_of_birth,email,password,admin) VALUES (9,'ipsum','Cyrus','Victor Perez','11-20-85','facilisis@nibhDonecest.org','sem','False');
INSERT INTO "signed_user" (id,photo,username,name,date_of_birth,email,password,admin) VALUES (10,'sit','Igor','Cole Rich','10-29-37','dictum.sapien.Aenean@nunc.ca','primis','False');
INSERT INTO "signed_user" (id,photo,username,name,date_of_birth,email,password,admin) VALUES (11,'Integer','Ishmael','Aaron Hurley','01-19-65','at@quis.org','ac','False');
INSERT INTO "signed_user" (id,photo,username,name,date_of_birth,email,password,admin) VALUES (12,'et,','Ray','Owen Conrad','09-14-43','ante@veliteget.ca','vehicula','False');
INSERT INTO "signed_user" (id,photo,username,name,date_of_birth,email,password,admin) VALUES (13,'primis','Malik','Jermaine Guthrie','07-02-69','Nulla.semper@utpharetrased.co.uk','Fusce','False');
INSERT INTO "signed_user" (id,photo,username,name,date_of_birth,email,password,admin) VALUES (14,'mi','Nigel','Hayden Giles','10-29-60','congue.a@in.ca','consectetuer','False');
INSERT INTO "signed_user" (id,photo,username,name,date_of_birth,email,password,admin) VALUES (15,'Nunc','Isaiah','Raphael Garza','02-03-87','at.arcu.Vestibulum@Cumsociisnatoque.net','augue,','False');
INSERT INTO "signed_user" (id,photo,username,name,date_of_birth,email,password,admin) VALUES (16,'ornare','Myles','Lane Hicks','11-10-78','nec.imperdiet.nec@Nullamfeugiatplacerat.com','nulla','False');
INSERT INTO "signed_user" (id,photo,username,name,date_of_birth,email,password,admin) VALUES (17,'consectetuer,','Galvin','Anthony Hopkins','03-24-23','massa@Sedpharetrafelis.co.uk','semper','False');
INSERT INTO "signed_user" (id,photo,username,name,date_of_birth,email,password,admin) VALUES (18,'sit','Maxwell','Jonas Pickett','07-13-81','Integer.vulputate.risus@id.org','gravida','False');
INSERT INTO "signed_user" (id,photo,username,name,date_of_birth,email,password,admin) VALUES (19,'nibh','Grady','Kane Jarvis','08-18-91','Quisque@condimentumDonecat.org','euismod','False');
INSERT INTO "signed_user" (id,photo,username,name,date_of_birth,email,password,admin) VALUES (20,'ac','Zephania','Otto Bradshaw','12-29-26','lobortis.augue.scelerisque@quisurna.net','Duis','False');
INSERT INTO "signed_user" (id,photo,username,name,date_of_birth,email,password,admin) VALUES (21,'ac','Dalton','Gregory Cash','01-16-44','dignissim.pharetra.Nam@neque.net','malesuada','False');
INSERT INTO "signed_user" (id,photo,username,name,date_of_birth,email,password,admin) VALUES (22,'dolor','Randall','Thane Johnson','11-25-17','Fusce@sapienNunc.co.uk','parturient','False');
INSERT INTO "signed_user" (id,photo,username,name,date_of_birth,email,password,admin) VALUES (23,'Proin','Colorado','Garth Bartlett','01-28-78','eu.augue.porttitor@egestasSed.org','dui','False');
INSERT INTO "signed_user" (id,photo,username,name,date_of_birth,email,password,admin) VALUES (24,'a','Louis','Keaton Sanders','11-26-16','mauris@metusurnaconvallis.org','congue.','False');
INSERT INTO "signed_user" (id,photo,username,name,date_of_birth,email,password,admin) VALUES (25,'ligula.','Thor','Dominic Petersen','04-25-58','ac.feugiat@blanditviverra.org','ut','False');
INSERT INTO "signed_user" (id,photo,username,name,date_of_birth,email,password,admin) VALUES (26,'sem','Victor','Ulysses Terrell','08-05-85','fames@nislarcu.com','interdum','False');
INSERT INTO "signed_user" (id,photo,username,name,date_of_birth,email,password,admin) VALUES (27,'Donec','Ralph','Samuel Alexander','05-14-37','nec@tincidunt.net','nec','False');
INSERT INTO "signed_user" (id,photo,username,name,date_of_birth,email,password,admin) VALUES (28,'consequat','Murphy','Xander Barnett','11-20-44','lacus.Mauris@at.edu','elementum,','False');
INSERT INTO "signed_user" (id,photo,username,name,date_of_birth,email,password,admin) VALUES (29,'ut','Lyle','Eric Preston','12-30-20','Etiam.bibendum@nullaDonec.org','cursus','False');
INSERT INTO "signed_user" (id,photo,username,name,date_of_birth,email,password,admin) VALUES (30,'magna.','Dante','Lamar Atkinson','02-22-60','dui.in.sodales@tellus.ca','eu','False');
INSERT INTO "signed_user" (id,photo,username,name,date_of_birth,email,password,admin) VALUES (31,'ullamcorper.','Lucas','Nolan Sims','07-15-12','erat.vel@magnisdisparturient.edu','iaculis','False');
INSERT INTO "signed_user" (id,photo,username,name,date_of_birth,email,password,admin) VALUES (32,'nonummy.','Amir','Rajah Love','11-17-34','pellentesque.tellus@diamPellentesquehabitant.net','et','False');
INSERT INTO "signed_user" (id,photo,username,name,date_of_birth,email,password,admin) VALUES (33,'lorem','Laith','Carson Jarvis','09-15-26','mus@litoratorquentper.ca','eu','False');
INSERT INTO "signed_user" (id,photo,username,name,date_of_birth,email,password,admin) VALUES (34,'feugiat','Noah','Plato Bruce','11-18-54','Donec.feugiat@turpisegestas.org','metus','False');
INSERT INTO "signed_user" (id,photo,username,name,date_of_birth,email,password,admin) VALUES (35,'purus','Colt','Zahir Clarke','06-02-73','sem.egestas@adipiscingMauris.net','lorem','False');
INSERT INTO "signed_user" (id,photo,username,name,date_of_birth,email,password,admin) VALUES (36,'sed','Abbot','Erich Clayton','04-20-28','eleifend@maurisSuspendisse.com','et','False');
INSERT INTO "signed_user" (id,photo,username,name,date_of_birth,email,password,admin) VALUES (37,'feugiat','Mannix','Jerry Chapman','03-03-34','pede@sodalesat.net','mus.','False');
INSERT INTO "signed_user" (id,photo,username,name,date_of_birth,email,password,admin) VALUES (38,'dui.','Callum','Justin Oliver','08-18-55','nisl.Maecenas.malesuada@nectellusNunc.edu','ipsum','False');
INSERT INTO "signed_user" (id,photo,username,name,date_of_birth,email,password,admin) VALUES (39,'convallis','Hall','Beck Ochoa','05-10-72','lorem.luctus@neque.org','Fusce','False');


INSERT INTO "movie" (id,title,year,photo) VALUES (1,'Lion King','1994','Photo');
INSERT INTO "movie" (id,title,year,photo) VALUES (2,'Pulp Fiction','1994','Photo');
INSERT INTO "movie" (id,title,year,photo) VALUES (3,'The Lord of the Rings the Return of the King','2003','Photo');
INSERT INTO "movie" (id,title,year,photo) VALUES (4,'Forrest Gump','1995','Photo');
INSERT INTO "movie" (id,title,year,photo) VALUES (5,'Toy Story','1997','Photo');
INSERT INTO "movie" (id,title,year,photo) VALUES (6,'Interstellar','2012','Photo');
INSERT INTO "movie" (id,title,year,photo) VALUES (7,'Roma','2019','Photo');
INSERT INTO "movie" (id,title,year,photo) VALUES (8,'Star Wars The Rise of Skywalker','2019','Photo');
INSERT INTO "movie" (id,title,year,photo) VALUES (9,'Coco','2018','Photo');
INSERT INTO "movie" (id,title,year,photo) VALUES (10,'Fight Club','1999','Photo');
INSERT INTO "movie" (id,title,year,photo) VALUES (11,'The Godfather ','1972','Photo');

INSERT INTO "genre" (id,genre) VALUES (1,'Action');
INSERT INTO "genre" (id,genre) VALUES (2,'Drama');
INSERT INTO "genre" (id,genre) VALUES (3,'Comedy');
INSERT INTO "genre" (id,genre) VALUES (4,'Horror');
INSERT INTO "genre" (id,genre) VALUES (5,'Fantasy');
INSERT INTO "genre" (id,genre) VALUES (6,'Romance');
INSERT INTO "genre" (id,genre) VALUES (7,'Thriller');

INSERT INTO "movie_genre" (genre,movie) VALUES (2,1);
INSERT INTO "movie_genre" (genre,movie) VALUES (1,2);
INSERT INTO "movie_genre" (genre,movie) VALUES (5,3);
INSERT INTO "movie_genre" (genre,movie) VALUES (3,4);
INSERT INTO "movie_genre" (genre,movie) VALUES (3,5);
INSERT INTO "movie_genre" (genre,movie) VALUES (1,6);
INSERT INTO "movie_genre" (genre,movie) VALUES (6,7);
INSERT INTO "movie_genre" (genre,movie) VALUES (5,8);
INSERT INTO "movie_genre" (genre,movie) VALUES (3,9);
INSERT INTO "movie_genre" (genre,movie) VALUES (1,10);
INSERT INTO "movie_genre" (genre,movie) VALUES (2,10);

INSERT INTO "friend" (signed_user_id1,signed_user_id2) VALUES (2,10);
INSERT INTO "friend" (signed_user_id1,signed_user_id2) VALUES (2,11);
INSERT INTO "friend" (signed_user_id1,signed_user_id2) VALUES (2,12);
INSERT INTO "friend" (signed_user_id1,signed_user_id2) VALUES (2,13);
INSERT INTO "friend" (signed_user_id1,signed_user_id2) VALUES (2,14);
INSERT INTO "friend" (signed_user_id1,signed_user_id2) VALUES (2,15);
INSERT INTO "friend" (signed_user_id1,signed_user_id2) VALUES (2,16);
INSERT INTO "friend" (signed_user_id1,signed_user_id2) VALUES (2,17);
INSERT INTO "friend" (signed_user_id1,signed_user_id2) VALUES (1,21);
INSERT INTO "friend" (signed_user_id1,signed_user_id2) VALUES (2,22);
INSERT INTO "friend" (signed_user_id1,signed_user_id2) VALUES (3,23);
INSERT INTO "friend" (signed_user_id1,signed_user_id2) VALUES (4,24);
INSERT INTO "friend" (signed_user_id1,signed_user_id2) VALUES (5,25);
INSERT INTO "friend" (signed_user_id1,signed_user_id2) VALUES (6,26);
INSERT INTO "friend" (signed_user_id1,signed_user_id2) VALUES (7,27);
INSERT INTO "friend" (signed_user_id1,signed_user_id2) VALUES (8,28);
INSERT INTO "friend" (signed_user_id1,signed_user_id2) VALUES (9,29);
INSERT INTO "friend" (signed_user_id1,signed_user_id2) VALUES (10,30);
INSERT INTO "friend" (signed_user_id1,signed_user_id2) VALUES (11,31);
INSERT INTO "friend" (signed_user_id1,signed_user_id2) VALUES (12,32);
INSERT INTO "friend" (signed_user_id1,signed_user_id2) VALUES (13,33);
INSERT INTO "friend" (signed_user_id1,signed_user_id2) VALUES (14,34);

INSERT INTO "group" (id,title,description,photo,admin) VALUES (1,'Nice People','Really nice group','Photo',39);
INSERT INTO "group" (id,title,description,photo,admin) VALUES (2,'Theodens Riders','Trying to find out where Gondor was when the westfold fell','Photo',38);
INSERT INTO "group" (id,title,description,photo,admin) VALUES (3,'SIMBAlino','I just cant wait.. to be admin','Photo',37);
INSERT INTO "group" (id,title,description,photo,admin) VALUES (4,'Os Padrinhos (De Crisma)','Were gonna make you an offer you cant refuse','Photo',36);
INSERT INTO "group" (id,title,description,photo,admin) VALUES (5,'Gatinhos","Cute cat pics','Photo',35);

INSERT INTO "group_member" (group_id,user_id) VALUES (1,39);
INSERT INTO "group_member" (group_id,user_id) VALUES (1,1);
INSERT INTO "group_member" (group_id,user_id) VALUES (1,2);
INSERT INTO "group_member" (group_id,user_id) VALUES (1,3);
INSERT INTO "group_member" (group_id,user_id) VALUES (1,4);
INSERT INTO "group_member" (group_id,user_id) VALUES (1,5);
INSERT INTO "group_member" (group_id,user_id) VALUES (2,38);
INSERT INTO "group_member" (group_id,user_id) VALUES (2,6);
INSERT INTO "group_member" (group_id,user_id) VALUES (2,7);
INSERT INTO "group_member" (group_id,user_id) VALUES (2,8);
INSERT INTO "group_member" (group_id,user_id) VALUES (2,9);
INSERT INTO "group_member" (group_id,user_id) VALUES (2,10);
INSERT INTO "group_member" (group_id,user_id) VALUES (3,37);
INSERT INTO "group_member" (group_id,user_id) VALUES (3,11);
INSERT INTO "group_member" (group_id,user_id) VALUES (3,12);
INSERT INTO "group_member" (group_id,user_id) VALUES (3,13);
INSERT INTO "group_member" (group_id,user_id) VALUES (3,14);
INSERT INTO "group_member" (group_id,user_id) VALUES (3,15);
INSERT INTO "group_member" (group_id,user_id) VALUES (4,36);
INSERT INTO "group_member" (group_id,user_id) VALUES (4,16);
INSERT INTO "group_member" (group_id,user_id) VALUES (4,17);
INSERT INTO "group_member" (group_id,user_id) VALUES (4,18);
INSERT INTO "group_member" (group_id,user_id) VALUES (4,19);
INSERT INTO "group_member" (group_id,user_id) VALUES (4,20);
INSERT INTO "group_member" (group_id,user_id) VALUES (5,35);
INSERT INTO "group_member" (group_id,user_id) VALUES (5,21);
INSERT INTO "group_member" (group_id,user_id) VALUES (5,22);
INSERT INTO "group_member" (group_id,user_id) VALUES (5,23);
INSERT INTO "group_member" (group_id,user_id) VALUES (5,24);
INSERT INTO "group_member" (group_id,user_id) VALUES (5,25);

INSERT INTO "review" (id,title,text,"group",movie,author) VALUES (1,'Great movie', 'Really good movie',1,1,1);
INSERT INTO "review" (id,title,text,"group",movie,author) VALUES (2,'Came for the fight scenes', 'Stayed for Samuel L Jackson',2,2,6);
INSERT INTO "review" (id,title,text,"group",movie,author) VALUES (3,'Best movie ever', 'Its really long tho',3,3,11);
INSERT INTO "review" (id,title,text,"group",movie,author) VALUES (4,'Perfect movie except for Jenny', 'Forrest is really funny',4,4,16);
INSERT INTO "review" (id,title,text,"group",movie,author) VALUES (5,'My kids loved it', 'They saw it on Netflix and absolutely loved the Buzz',5,5,24);

INSERT INTO "like" ("user",review) VALUES (1,2);
INSERT INTO "like" ("user",review) VALUES (1,3);
INSERT INTO "like" ("user",review) VALUES (2,7);
INSERT INTO "like" ("user",review) VALUES (2,8);
INSERT INTO "like" ("user",review) VALUES (3,14);
INSERT INTO "like" ("user",review) VALUES (4,16);
INSERT INTO "like" ("user",review) VALUES (4,19);

INSERT INTO "comment" (id,text,author,review) VALUES (1,'I Totally agree, but your review could be a little longer',5,1);
INSERT INTO "comment" (id,text,author,review) VALUES (2,'How dare you make a review about Pulp Fiction and only mention Samuel L Jackson',8,2);
INSERT INTO "comment" (id,text,author,review) VALUES (3,'I totally fell asleep while watching it. xD. lol. #aintgotnotimeforthat',14,3);
INSERT INTO "comment" (id,text,author,review) VALUES (4,'Jenny is a complex character and i just cant understand the hate she gets in this site',18,3);

INSERT INTO "rating" (id,rating,movie,"user") VALUES (1,10,1,1);
INSERT INTO "rating" (id,rating,movie,"user") VALUES (2,8,1,2);
INSERT INTO "rating" (id,rating,movie,"user") VALUES (3,9,1,3);
INSERT INTO "rating" (id,rating,movie,"user") VALUES (4,7,4,4);
INSERT INTO "rating" (id,rating,movie,"user") VALUES (5,8,1,5);
INSERT INTO "rating" (id,rating,movie,"user") VALUES (6,10,10,6);
INSERT INTO "rating" (id,rating,movie,"user") VALUES (7,9,3,7);
INSERT INTO "rating" (id,rating,movie,"user") VALUES (8,9,2,8);
INSERT INTO "rating" (id,rating,movie,"user") VALUES (9,8,5,9);
INSERT INTO "rating" (id,rating,movie,"user") VALUES (10,8,2,10);

INSERT INTO "notifications" (id,recipient,group_invite) VALUES (1,10,1);
INSERT INTO "notifications" (id,recipient,group_invite) VALUES (2,16,3);
INSERT INTO "notifications" (id,recipient,group_invite) VALUES (3,35,4);
INSERT INTO "notifications" (id,recipient,friend_invite) VALUES (4,2,21);
INSERT INTO "notifications" (id,recipient,friend_invite) VALUES (5,33,12);
INSERT INTO "notifications" (id,recipient,friend_invite) VALUES (6,25,4);